accuracy,precision,recall,f1_score
0.9782456140350877,0.9758397171479081,0.9874776386404294,0.981624184943687
